fotos,texto,titulo
"https://img.milanuncios.com/fg/3380/96/338096184_3.jpg?VersionId=58whJjLlWUe5e440aVWKi2GDBUsueHGX,https://img.milanuncios.com/fg/3380/96/338096184_1.jpg?VersionId=ujUvTSwiJITgJNHza76FemsvuB4cya5S,https://img.milanuncios.com/fg/3380/96/338096184_4.jpg?VersionId=U_5ROXF73joqAxxFhVCprRD_.JhFxWSq,https://img.milanuncios.com/fg/3380/96/338096184_2.jpg?VersionId=0s_SfhhtViDKBZD9UPkuadYOyABvPMOk"," MACHO pastor alemán (3 meses recién cumplidos!!!).  Espectacular ejemplar con pedigrí loe,  descendiente de campeones y progenitores con pedigrí de la real ceppa  y libres de displasia.  Padre farín de virsán y madre evelyn del alto azor:  http: //www. pedigreedatabase. com/german_shepherd_dog/dog. html?id=2748807-evelyn-del-alto-azor

Línea de belleza,  de pelo corto,  color negro-fuego.  muy buena genética.  carácter espectacular,  dócil y muy noble.  Se entrega desparasitado interna y externamente con todas las vacunas,  el chip,  así como la inscripción en la real sociedad canina de españa. 
síguenos en instagram @caachorros_pa
o en la web https: //mis-cachorros-y-yo. jimdosite. com/",CACHORRO PERRO PASTOR ALEMÁN - PEDIGRÍ
"https://img.milanuncios.com/fg/3348/89/334889247_1.jpg?VersionId=zFzpYod__vQ9cZXGTWAH_AfcLKcJqfph,https://img.milanuncios.com/fg/3348/89/334889247_2.jpg?VersionId=uLO7A2MI1yI7Ch8IK8A8w5u2CbIfo3UO,https://img.milanuncios.com/fg/3348/89/334889247_3.jpg?VersionId=GLqR5.Zt2ciLOdR1BgAXMaufzUIpv_CP,https://img.milanuncios.com/fg/3348/89/334889247_4.jpg?VersionId=PrczrMvXzySth30zVwAvC2MUleXs1IzI", Hermosos cachorros disponibles de bulldog inglés desparasitados y con sus vacunas correspondientes a su edad cachorros nacionales.  Se ruega seriedad posibilidad de envío por mrw mascotas sea  en  Barcelona o cualquier punto de españa,BULLDOG INGLES
"https://img.milanuncios.com/fg/3460/23/346023882_6.jpg?VersionId=nx6WwEXZJ7P3tr3mTpfxTWKVDykCA8e1,https://img.milanuncios.com/fg/3460/23/346023882_2.jpg?VersionId=j1T7la631W7mFZgYOJcK.0sTknL3TBLt,https://img.milanuncios.com/fg/3460/23/346023882_5.jpg?VersionId=s1VGEsw_i3Khx69HvR8hqZjitRAFHDxi,https://img.milanuncios.com/fg/3460/23/346023882_3.jpg?VersionId=HgvSOu7OE53GkjIQS0kg3SW6noIe.Txa,https://img.milanuncios.com/fg/3460/23/346023882_1.jpg?VersionId=.nlREUlocla8217prmWNnt.7nTBcisZj,https://img.milanuncios.com/fg/3460/23/346023882_4.jpg?VersionId=aM1KvvaTi0wb2PCZEFvgzKLYv397fS9N,https://img.milanuncios.com/fg/3460/23/346023882_7.jpg?VersionId=wpzDNg7uijFns7.dCmG7r2P1fw6wBvOE"," Camada
Color merle ,  blanco y negro y pizarra ,  con su primer vacuna ,  háblame por wasap y te mando fotos y vídeos Núcleo Zoológico: vendo",CACHORROS DE COLLIE
"https://img.milanuncios.com/fg/3432/99/343299236_2.jpg?VersionId=2ty2y9.pINmiM.NhSOwP9oOSPOw_h2T5,https://img.milanuncios.com/fg/3432/99/343299236_4.jpg?VersionId=rptCvGi8tj7tOxWZEg0Wx6Su4H3qBwKU,https://img.milanuncios.com/fg/3432/99/343299236_1.jpg?VersionId=ngbUr7z8SE1kY2R8Glnu3Y_bR4x90.XP,https://img.milanuncios.com/fg/3432/99/343299236_3.jpg?VersionId=epua4TG50Yi1xtTernhCj9p9LbVp3hbF,https://img.milanuncios.com/fg/3432/99/343299236_9.jpg?VersionId=dqvCOTYu4XMawYDlrj.xMWgcroWXcbbm,https://img.milanuncios.com/fg/3432/99/343299236_6.jpg?VersionId=8pssfDfkUh4L_leHJi8PKOVhFBxOlIFZ,https://img.milanuncios.com/fg/3432/99/343299236_7.jpg?VersionId=Nm2hi9so_9c4tW38EgbRWE5SdIfeQNj9,https://img.milanuncios.com/fg/3432/99/343299236_5.jpg?VersionId=Ce9fxIfGG30XjGZxxSr5WAAZWVdPEim3,https://img.milanuncios.com/fg/3432/99/343299236_8.jpg?VersionId=npMzeSHs032cacDKV.lezTdMdnFOR.nQ"," Tengo dos camadas de labrador retriever.  Una color chocolate y otra de color dorado.  Las dos son excelentes.  Padres genéticamente libres de enfermedades y test de libre displasia de caderas y codos.  Están disponibles para entregar con vacunas,  microchip,  Pasaporte Veterinario y desparasitados.  Están en Mallorca y pueden enviarse a toda España.  El precio es orientativo y va desde 500-800 eur dependiendo del individuo. ",EXCELENTE CAMADA LABRADOR RETRIEVER
"https://img.milanuncios.com/fg/3200/93/320093734_1.jpg?VersionId=m0gxhb9V44efrDqMMl3yqU53QzvpIaPt,https://img.milanuncios.com/fg/3200/93/320093734_2.jpg?VersionId=3X_yVzhQCUBtUVMgcoOPzbmUiZwW6E1h,https://img.milanuncios.com/fg/3200/93/320093734_3.jpg?VersionId=SgT5dt48qWKmzw6q_bLe2w6QnA1OZ.N9,https://img.milanuncios.com/fg/3200/93/320093734_4.jpg?VersionId=X5DVL8KSTcv_xEI1Kq_X8hKhCToTTBV8,https://img.milanuncios.com/fg/3200/93/320093734_5.jpg?VersionId=QrRAzw0UFDrYOIFzhVlQFDWifpT8nzzH,https://img.milanuncios.com/fg/3200/93/320093734_6.jpg?VersionId=MPRsy6tvDDM7ijN88FkRTmsSRYums95q,https://img.milanuncios.com/fg/3200/93/320093734_7.jpg?VersionId=93DlqJaA6kA.5AZ6Ktthskx2oK2U0LkH,https://img.milanuncios.com/fg/3200/93/320093734_8.jpg?VersionId=iPCINLK5ZbQ8OjYM6u5T2F_x34CcMzYn,https://img.milanuncios.com/fg/3200/93/320093734_9.jpg?VersionId=2Z9IgyPseVo7D9uNZvh6zwbUlXjLRF3v"," Solo en nuestra web delcami desde 1987 o plena satisfacion o devolvemos su dinero travel car y journey de trixie fabricados en alemania.  no imitaciones chinas posiblemente los mejores transportines del mercado para coches ,  por su fuerte plástico ,  como por sus robustas puertas con el mejor cierre del mercado.  desde 85€ parques para cachorros desde 33€,  jaulas plegables de muy buena calidad desde 39€,  caseta grande fabricada en america 69€.  perreras imor desde 298€ mejor visite nuestra web delcami.  com",PARQUE PERRERAS TRANSPORTIN JAULA
"https://img.milanuncios.com/fg/3374/64/337464048_6.jpg?VersionId=fg4hPLFYFtbAWchCaAsgduzIcD1bI_Up,https://img.milanuncios.com/fg/3374/64/337464048_4.jpg?VersionId=OhjnsvQx7Zv.IQqHR43WWvs8RQzClNMM,https://img.milanuncios.com/fg/3374/64/337464048_5.jpg?VersionId=ATtkpupa89lJTtHSytM0RSZihaCMBBJs,https://img.milanuncios.com/fg/3374/64/337464048_3.jpg?VersionId=Yjg3z0ldrhi6VadsalEVfn_vvxIvDXxn,https://img.milanuncios.com/fg/3374/64/337464048_1.jpg?VersionId=h5voj.Rhwc.pWeBp4neK4o8sGP4yChTN,https://img.milanuncios.com/fg/3374/64/337464048_2.jpg?VersionId=RKl2CRc0NNO5OF5qEc38.tDUn6hyxmRQ", Criados en familia. hiper sociables y cariñosos cachorros de extrema calidad. criador legal familiar con 37 años d experiencia. maxima garantia. precio d algunos machos toys. hembras y otros consultar precios. tambien cachorros d bichon maltes. lulu d pomerania y american bully. emtregamos kit pienso. consejos y descuentos de royal canin con todos nuestros cachorros. SOLO ATIENDO tlf o watssap. no emails,ESPECTACULARES Y EXCLUSIVOS CHIHUAHUAS
"https://img.milanuncios.com/fg/3380/26/338026656_3.jpg?VersionId=ABL6kMIY.7GDUVADeqULSdNDlEKt9zx4,https://img.milanuncios.com/fg/3380/26/338026656_1.jpg?VersionId=kbAqyDShcOwAxA_hY1Tbn_O9AfXGvWrv,https://img.milanuncios.com/fg/3380/26/338026656_2.jpg?VersionId=BsmRCfl1HspFKcYgTKL4Sq_jPZioXOuf,https://img.milanuncios.com/fg/3380/26/338026656_4.jpg?VersionId=8e2gfUnQh.Jj47oQZIVHZp_cmog.DoKs,https://img.milanuncios.com/fg/3380/26/338026656_5.jpg?VersionId=J4JTyucJPpsgAVV.eaQsO8kXXLL2m4B1,https://img.milanuncios.com/fg/3380/26/338026656_9.jpg?VersionId=XLD6A3RpMaA4.HMaORjD6HyHyvhSSUIu,https://img.milanuncios.com/fg/3380/26/338026656_6.jpg?VersionId=RfiOSJU3uRSfZ7AiGnaVOotmNxlWSgGv,https://img.milanuncios.com/fg/3380/26/338026656_7.jpg?VersionId=pvCOPxtH6PSVIzukXaZYqzCUBkHft6Wc,https://img.milanuncios.com/fg/3380/26/338026656_8.jpg?VersionId=eeyAxy9vl2dBHnlhndPT0rSRVDWVfJh4"," Pastores alemanes burgkan:  presenta
camada de pastor aleman,  criados bajo normativa real ceppa. 
club español del perro pastor aleman. 
cachorros seleccionados, padres selecionados para la cria. 
padre: hancock de tierra austral. 
madre:  greys de tierra austral. 
garantias de los cachorros por escrito. 
No engaños demostrando que sus padres están seleccionados para la cría, 
que los padres tengan sellado que son aptos para la cria. .  
seriedad absoluta. 
Para verdaderos amantes de la raza. 
Disponible 1 hembra. ",CAMADA DE PASTOR ALEMAN REAL CEPPA. 
"https://img.milanuncios.com/fg/3341/51/334151427_1.jpg?VersionId=XS.vmEPwiKVXKTEG6aw4O_zan1ALFjGb,https://img.milanuncios.com/fg/3341/51/334151427_2.jpg?VersionId=3x6dr5B73YYeEqN4rd2Cj4GVmhNRSFJb,https://img.milanuncios.com/fg/3341/51/334151427_3.jpg?VersionId=6cEXPLEKZGZc4_NKforQrRES2Q1X9hp9,https://img.milanuncios.com/fg/3341/51/334151427_4.jpg?VersionId=67UqA_HxqGGbtzgt.VwVmn4EEsCCQQn8"," Preciosos cachorros de Braco de weimaraner de pura raza en color plata de ojos claros;
Machos de calidad,  con muy buen pedigree LOE nacidos el 2 de Mayo de 2020;
Entregas a finales de junio de 2020 en orden de reserva;
Camada compuesta por 4 machos y 2 hembras;
Disponibles sin reservar 2 machos. 
Enseñamos a los padres,  ejemplares de talla muy grande,  con mucho hueso,  preciosa estructura y pedigree nacional LOE. 
padre:  unos 67cm a la cruz;  y unos 37 kg ;
madre:  unos 62cm a la cruz; y unos 32kg;

Cria selectiva,  de calidad y responsable; 
Solo atendemos llamadas; Pedimos seriedad;
Los cachorros se entregarían con la siguiente documentacion oficial: 
•	pedigree LOE,  Inscripcion.  
•	vacunados y desparasitados
•	cartilla veterinaria oficial
*  Afijo de criador profesional. 

Con la situacion provocada por el coronavirus en caso de que en junio continue el estado de alarma os damos la posibilidad de entregar el cachorro en vuestra casa con transporte especializado,  urgente y exclusivo para cachorros.  Ademas teneis la posisbilidad de hacer el pago contrarrembolso ( e decir cuando os entreguen el cachorro )
Y por supuesto podeis venir a nuestro criadero (nuestra casa)familiar cualquier dia del año. ",CAMADA BRACO WEIMARA: PLATA CON LOE
"https://img.milanuncios.com/fg/3445/68/344568963_1.jpg?VersionId=KhOdFik6F5M0AyintF4mPC49lID6ZnGV,https://img.milanuncios.com/fg/3445/68/344568963_2.jpg?VersionId=i0UmFszFYiYdgm7mJure8HiMsoP8ZqTX,https://img.milanuncios.com/fg/3445/68/344568963_3.jpg?VersionId=gfsEHG0Sia7w0ub6ZrOOog5yVUaZuML7,https://img.milanuncios.com/fg/3445/68/344568963_4.jpg?VersionId=qn.GQ1JQhBo5CGzO22GUpYHeSCc.lFA7,https://img.milanuncios.com/fg/3445/68/344568963_5.jpg?VersionId=.5cy3pFDn9RzMm6QVawGJapQqUbwjqi6,https://img.milanuncios.com/fg/3445/68/344568963_6.jpg?VersionId=unyys5SatKYvHozTCnxKlRoy.nelGn4a,https://img.milanuncios.com/fg/3445/68/344568963_7.jpg?VersionId=0vrE_4ZG3zwlOqoMURHOb9GWaKFFUfId,https://img.milanuncios.com/fg/3445/68/344568963_8.jpg?VersionId=o2NBfoXergnh0l2c4fHmkCh7k4rcgeTH"," Se ofrece camada de Piccolo Lebrel Italiano ,  nacidos el 20 de marzo
Disponibles machos y hembras ,  se entregan a partir de los dos meses ,  desparasitados y vacunados según edad . 
Se puede visitar página web L Argenteria 
Pedigree  Real sociedad canina española
Mas afijo
Padres concursando con muy buenas calificaciones 
Linea Domaine De Chanteloup 
Precio Desde 800€ a 1000€ ,  según sexo y color 
Colores : Negro ,  Pizarra y Azul 
Hacemos envío a cualquier parte de España",PICCOLO LEBREL ITALIANO
"https://img.milanuncios.com/fg/3448/00/344800342_5.jpg?VersionId=b68S8R.RDYzv8imFL2kK93C2uAQrRwwW,https://img.milanuncios.com/fg/3448/00/344800342_2.jpg?VersionId=9itXFmYt8xDB2gsBY_SsZQ0tqvEoIRgV,https://img.milanuncios.com/fg/3448/00/344800342_3.jpg?VersionId=vBKle5IzjpgicY_nKnVGAaEJFMcuLY6D,https://img.milanuncios.com/fg/3448/00/344800342_1.jpg?VersionId=wLZZzynymef7u22LsLp19Ww6FEBPq3RL,https://img.milanuncios.com/fg/3448/00/344800342_4.jpg?VersionId=XgQ4A6n.H_p2lcAUCb59n0svMb85n_3I"," Cachorrita boxer hembra. 
Puedes verla junto a sus padres para apreciar la autenticidad y la calidad. 
Si encaja con la compañia que buscas llamame y te cuento. Puedes venir a casa para verla junto a sus padres. No tengo Wapsaps solo llamadas al 696624632",BOXER CACHORRITA HEMBRA
"https://img.milanuncios.com/fg/3256/06/325606607_2.jpg?VersionId=idJ9M1KM8.sErtBmZ5pHMd5pdu8E2uvh,https://img.milanuncios.com/fg/3256/06/325606607_3.jpg?VersionId=Ezzm14x81l30W7nMQzrjPgIGon9tnAHm,https://img.milanuncios.com/fg/3256/06/325606607_1.jpg?VersionId=FWRHIfvs0HoFjsf3iC.geDchVYtDtWRX"," Camada de mastines,  los padres son muy muy ganaderos y grandes ,  siempre con el rebaño evitando el saqueo del ganado por los zorros y otras alimañas. ",MASTINES-OVEJAS
"https://img.milanuncios.com/fg/1513/18/151318144_1.jpg,https://img.milanuncios.com/fg/1513/18/151318144_2.jpg,https://img.milanuncios.com/fg/1513/18/151318144_6.jpg,https://img.milanuncios.com/fg/1513/18/151318144_4.jpg,https://img.milanuncios.com/fg/1513/18/151318144_9.jpg?VersionId=kp86pZBKGItbpH4QoKLkICu2Yg3Zts0g,https://img.milanuncios.com/fg/1513/18/151318144_8.jpg,https://img.milanuncios.com/fg/1513/18/151318144_3.jpg,https://img.milanuncios.com/fg/1513/18/151318144_5.jpg?VersionId=wvRtHTsHL9Zi2euR2pvL09y.aZPnVMDz,https://img.milanuncios.com/fg/1513/18/151318144_7.jpg"," Criador y juez de exposiciones caninas.  Cachorros,  jóvenes,  adultos,  sementales . Padres libres de enfermedades genéticas. Criados en familia y totalmente socializados.  Libres de displasia de cadera y codos.  Los cachorros se entregan a partir de los dos meses con todas las vacun as,  pasaporte,  microchip,  Raia,  formulario . de identificación y pedigree de la Rsce.  No encontraras absolutamente nada mejor. 
Garantia sanitaria 15 días.  Garantía genética 1 año.  Cachorros para Exposición,  cría y compañía 800€.  Núcleo Zoológico: SE/186",LABRADOR RETRIEVER CALIDAD CERTIFICADA
"https://img.milanuncios.com/fg/3421/60/342160957_1.jpg?VersionId=8LWsa__aZExRZNr9ZOapY0HB91qJK55b,https://img.milanuncios.com/fg/3421/60/342160957_2.jpg?VersionId=HP4ApcfZ.C0bIiWu2GfTk2x9SEna356N,https://img.milanuncios.com/fg/3421/60/342160957_3.jpg?VersionId=phCVTX5WAi_bwaj2Qw2F7bCL8Tqg_lnb,https://img.milanuncios.com/fg/3421/60/342160957_4.jpg?VersionId=ErG4JpeXkduw4Ax7eCuuAdz1zDi2zdfp,https://img.milanuncios.com/fg/3421/60/342160957_5.jpg?VersionId=gvHYvMV6y9dgjMOGvZ70AqZpPY9jrYn9"," Espectacular camada de caniche,  excelente línea de sangre.  Nacionales,   todos nuestros cachorros son seleccionados especialistas en auténticas miniaturas.  Estamos en Barcelona capital.  Se entregan en clínica veterinaria vacunados,  desparasitados,  garantía sanitaria por escrito de dos años y microchip,  se le pone delante de los nuevos propietarios y se da de alta.  Hr de 10 a 14 y de 17 a 21hr. ",ESPECTACULAR CAMADA DE CANICHE. 
"https://img.milanuncios.com/fg/3434/45/343445009_1.jpg?VersionId=eZcYGx.KCy7pZzwmKS16Xixr09IuHFIB,https://img.milanuncios.com/fg/3434/45/343445009_2.jpg?VersionId=G5g__7Q7pZ0GEzttyBq4UlshDecJdg9_"," Perdido rotwailler,  madrid,  ctra.  Burgos km 47,  el vellon,  macho castrado,  cumple 2 años en mayo,  muy adiestrado,  muy cariñoso,  por favor si lo ven llamenme,  se GRATIFICARA. ",PERDIDO ROTWAILLER
"https://img.milanuncios.com/fg/3421/64/342164946_7.jpg?VersionId=0nW6CVwuB8xaCZ_T_8MQyY6cqPX2Qoem,https://img.milanuncios.com/fg/3421/64/342164946_5.jpg?VersionId=6ZsTdT9IBetCujhaXTY8YY0.5Ss7lGf3,https://img.milanuncios.com/fg/3421/64/342164946_8.jpg?VersionId=Dz.jsaF9lPq8iFCBaP1d8VUPOOB3BgQr,https://img.milanuncios.com/fg/3421/64/342164946_2.jpg?VersionId=fm.g3KFVagF1Knxj3yF753UDk8hjh41o,https://img.milanuncios.com/fg/3421/64/342164946_1.jpg?VersionId=it398tXsCvciAAiu.bnqdMYnw._K4KME,https://img.milanuncios.com/fg/3421/64/342164946_3.jpg?VersionId=578fTD8Nx2.Q_o.yt58ui4ohkGdQGFB4,https://img.milanuncios.com/fg/3421/64/342164946_4.jpg?VersionId=BnbYIJ.MslJ.mV8l2db2RsljvtOZQgPA,https://img.milanuncios.com/fg/3421/64/342164946_6.jpg?VersionId=rDdrl8DT8dvUBT1k20Ctxhx7uUJUkB8u,https://img.milanuncios.com/fg/3421/64/342164946_9.jpg?VersionId=nPANthvZPHPpSoIhSQKPF0r34IY.I1O5"," Espectacular camada de Lulu de Pomerania,  excelente línea de sangre, auténticas miniaturas.   Nacionales,   todos nuestros cachorros son seleccionados especialistas en auténticas miniaturas.  Estamos en Barcelona capital.  Se entregan en clínica veterinaria vacunados,  desparasitados,  garantía sanitaria por escrito de dos años y microchip,  se le pone delante de los nuevos propietarios y se da de alta.  Hr de 10 a 14 y de 17 a 21hr. ",EXCELENTE CAMADA DE LULU DE POMERANIA. 
"https://img.milanuncios.com/fg/3198/18/319818196_1.jpg?VersionId=J7z4qanLR3b6KLyL1YlcK390OYXHQHV1,https://img.milanuncios.com/fg/3198/18/319818196_2.jpg?VersionId=eYjiMhrCHMqZeT4gkATReS1QLq.hGa2r"," Bolitas peludas de pomerania! familiares !!! Tengo machos y  hembras disponibles.  Son lo más juguetón del mundo! Vendo cachorros,  de padre y madre puros y cariñosos.  Te encantarán.  Están desparasitados y con las vacunas que les toca por edad.  Te lo entrego con microchip y garantia veterinaria por escrito.  Son muy listos y aprenden súper rápido lo que quieras enseñarles. ",CACHORRITOS POMERANIA
https://img.milanuncios.com/fg/3198/76/319876121_1.jpg?VersionId=uSDB_BdUTEBYGUeQsNFVPpZ_hFM18DE0," ¿Quieres un cachorrito pequeño? Buscas un cachorro pura raza? Vendo cachorritos  puros,  chiquitines y cariñosos.  Papa y mamá auténticos.  Los entrego con las vacunas segun edad,  microchip,  desparasitados y garantia.  Llamame y te informo. ",CACHORRITOS TECKEL
https://img.milanuncios.com/fg/3198/85/319885841_1.jpg?VersionId=5AUAYkLu32pBVFpbpa1Y9MNXckpz52wO," Monisimos cachorritos pura raza, son una monada, los entregó con sus vacunas según edad, desparasitados, chip y garantía veterinaria por escrito,  ven a verlos o te envio fotos actuales de ellos",CACHORRITOS CANICHE
"https://img.milanuncios.com/fg/3421/58/342158304_1.jpg?VersionId=kzRKIEQ7TBKZa7JzXkEDYeto_vtsdGnp,https://img.milanuncios.com/fg/3421/58/342158304_2.jpg?VersionId=sdJYOSMyPbYk03GsSuAEzI6lwu.qH86K,https://img.milanuncios.com/fg/3421/58/342158304_3.jpg?VersionId=jBwkx1EdDDZkF5wDscsTLlq3jgHbWaAd,https://img.milanuncios.com/fg/3421/58/342158304_4.jpg?VersionId=X0zPqlVYXzhU8aKpzcE4SpSy_ncpshJn,https://img.milanuncios.com/fg/3421/58/342158304_5.jpg?VersionId=A2MvOIyZNNtPPwFNG1EirTiz0KE1QAze,https://img.milanuncios.com/fg/3421/58/342158304_6.jpg?VersionId=VGuQAnr8FbwCNp8wcpuSODrM.m0HcX1d"," Excelente camada de bichon maltés de línea americana y coreana,  auténticas miniaturas.   Nacionales,   todos nuestros cachorros son seleccionados especialistas en auténticas miniaturas.  Estamos en Barcelona capital.  Se entregan en clínica veterinaria vacunados,  desparasitados,  garantía sanitaria por escrito de dos años y microchip,  se le pone delante de los nuevos propietarios y se da de alta.  Hr de 10 a 14 y de 17 a 21hr. ",EXCELENTE CAMADA DE BICHON MALTES
https://img.milanuncios.com/fg/3198/09/319809624_1.jpg?VersionId=00rKdAzxeycaKZD_DbQHjR6NdP0JZWrM," cachorritos husky de ojos azules, te lo entrego vacunado según edad, desparasitado, chip y garantía veterinaria por escrito, puedes venir a verlos o también te puedo enviar fotos actuales de ellos",PRECIOSOS CACHORRITOS DE HUSKY
"https://img.milanuncios.com/fg/3421/60/342160435_1.jpg?VersionId=sSzgnDHfNq0Q.IsY.VK7AlaQZt2MVUUR,https://img.milanuncios.com/fg/3421/60/342160435_2.jpg?VersionId=F_VWVtdB1CWcIUwFz7HeJSZ6OqDqSVmw,https://img.milanuncios.com/fg/3421/60/342160435_3.jpg?VersionId=NSEf8i1HrE3nv8GRmGetulAQEnvZ.kNe,https://img.milanuncios.com/fg/3421/60/342160435_4.jpg?VersionId=fUK507lZNDApsVgUbwqXowEpLc8iN5fm,https://img.milanuncios.com/fg/3421/60/342160435_5.jpg?VersionId=bDlXYZb1ysgjwR8RWY4ijpI.XIEPJXCr,https://img.milanuncios.com/fg/3421/60/342160435_6.jpg?VersionId=huCmNIdLdSKapN2BU8jOojkL1x6A0qEe"," Excelente camada de Samoyedos,  perfectas angulaciones.  Nacionales,   todos nuestros cachorros son seleccionados especialistas en auténticas miniaturas.  Estamos en Barcelona capital.  Se entregan en clínica veterinaria vacunados,  desparasitados,  garantía sanitaria por escrito de dos años y microchip,  se le pone delante de los nuevos propietarios y se da de alta.  Hr de 10 a 14 y de 17 a 21hr. ",EXCELENTE CAMADA DE SAMOYEDO. 
"https://img.milanuncios.com/fg/3341/47/334147291_1.jpg?VersionId=_l7xpdZWegjXckeun.S7ktXyKrzFrDxJ,https://img.milanuncios.com/fg/3341/47/334147291_7.jpg?VersionId=uCwZfA_MhXObDaA7F18Hr7aSUB6ogwyP,https://img.milanuncios.com/fg/3341/47/334147291_8.jpg?VersionId=Ihx_VbIZpyCQXevq2UX8TSg1mW9vYQx6,https://img.milanuncios.com/fg/3341/47/334147291_9.jpg?VersionId=VNQAXQ8I1iB9v63veZqZLv1v8cQC6y8P"," A partir de 650€ precio de promocion.  Estupendos cachorritos criados en ambiente familiar y muy cariñosos,  listos para formar parte de tu familia,  si buscabas calidad y responsabilidad esa es nuestra especialidad.  Hacemos entrega en mano con su cartilla de vacunación y desparasitación. ",CHIHUAHUAS
"https://img.milanuncios.com/fg/3197/84/319784550_1.jpg?VersionId=N1lGHFUU576RYbOlPTckMJ.WhWrOFyjn,https://img.milanuncios.com/fg/3197/84/319784550_2.jpg?VersionId=xtnPSeeabaYHT6KG1rORNw60g5GHoDEf,https://img.milanuncios.com/fg/3197/84/319784550_3.jpg?VersionId=_bMIgtAd.05zKPezfcVTOvt6KtuJ1kcE"," ¿Quieres un cachorrito pequeño? Buscas un cachorro precioso? Vendo cachorritos  puros,  chiquitines y cariñosos.  Papa y mamá auténticos.  Los entrego con las vacunas que le tocan por edad,  microchip,  desparasitados y garantia.  Llamame y te informo. ",CACHORRITOS BICHON MALTES
"https://img.milanuncios.com/fg/3198/76/319876727_1.jpg?VersionId=nqH4u.8Sb3xRp0Or2TGhWtmgJ4HfNgk8,https://img.milanuncios.com/fg/3198/76/319876727_2.jpg?VersionId=CXEDLHSe0Dvu3pMKuF.loXHOPjreEFV9"," son una monada!! dispongo de cachorritos pura raza, los entrego vacunados, segun edad, desparasitados, chip y garantía por escrito, ven a verlos o te puedo enviar fotos y videos de ellos",CACHORRITOS WESTY
https://img.milanuncios.com/fg/3198/77/319877526_1.jpg?VersionId=DiBR7kgAqYLFg0W5EtXDHAtwVs5tGNUY," ¿Quieres un cachorrito pequeño? Buscas un cachorro precioso? dispongo de cachorritos  puros,  chiquititos y cariñosos.  Papa y mamá auténticos.  Los entrego con las vacunas que le tocan por edad,  microchip,  desparasitados y garantia.  Llamame y te informo. ",CACHORRITOS YORKSHIRE
https://img.milanuncios.com/fg/3198/83/319883996_1.jpg?VersionId=K983kLRb3THE1XnSX94vjwBNM6UqYSI_," Preciosos cachorros a la venta, pura raza que entregó vacunados, desparasitados, chip y garantía por escrito, ven a verlos o te envio fotos de ellos",CACHORRITOS BORDE COLLIE
https://img.milanuncios.com/fg/3198/86/319886128_1.jpg?VersionId=5r7mHYiD4FqXhgDF.84RWMEakpPYO3w9," Espectaculares cachorros de cocker Daniel pura raza, los entregó con sus vacunas, desparasitados, chip y garantía por escrito, puedes venir a verlos o te envio fotitos",CACHORRITOS COCKER SPANIEL
https://img.milanuncios.com/fg/3133/97/313397811_1.jpg?VersionId=tso62QG_wz0rVr.VF4RYPL_.J.gkTcbh, SHAR pei   súper completos entregados al máximo con las mejores garantías de cría controlada nacional .  Centro físico especializado dedicado a todos nuestros cachorros abrimos todos los días cara al público pásese a verlos todos y vea las calidades.  Vendrían todos con sus vacunas correspondientes vacunados desparasitados con su cartilla veterinaria garantías de todo tipo pedigree contrató de compra certificado de nacionalidad revisión veterinaria .  Se hacen envíos mediante mrw mascotas se envían de un día para otro .  Previos sin impuesto añadido los previos varían dependiendo morfología genética tamaño color edad .  Pasase a verlos todos y vea las calidades atendemos llamadas y whatsap llámenos y vea a su nuevo miembro de la familia,SHAR PEI ESPECTACULARES
https://img.milanuncios.com/fg/3444/60/344460233_1.jpg?VersionId=vgNNbe.d_aQPdiCmmVf9c1yRSG197m_1, Cachorros de las máximas calidades y entregados de forma muy completa de Pitbull en nuestra tienda abierta de 10: 30 de la mañana hasta las 21 de la noche estamos todos los días consultar horarios de domingo .  Tienda criadero y clínica veterinaria dedicada al cuidado y al máximo rendimiento y salud de cachorros criados de forma que se centre en la salud y bien estar de los cachorros todos los padres criados en España disfrutan de finca al aire libre  para disfrutar saliendo unos cachorros con las mejores garantías.  Y totalmente en contra de la cría masificada.  Todos se entregan con sus vacunas correspondientes a su edad desparasitacion interna y externa garantía virica congenita y genética pedigree certificado de cría española contrató de compraventa  y muy revisados por todos nuestros veterinarios .  Hacemos envíos a toda España .  Precios sin impuesto añadido dependiendo las características físicas de cada cachorro varían los precios de cada uno.  Venga a vernos y elija su mascota y sume uno más a la familia .  Whtsap y llamadas serán atendidas por nuestro equipo para que se le pueda asesorar d ela mejor forma posible. ,PITBULL SÚPER GUAPOS
https://img.milanuncios.com/fg/3374/12/337412461_1.jpg?VersionId=BaNqTucNC66t5Kdv73duI9jUS3WXWd6H," Somos tienda física! Ven a visitarnos,  abrimos de lunes a domingo en horario continuo de apertura a cierre.  Estupendas camadas de cachorros de raza Shar Pei,  disponibles para entrega inmediata,  con sus vacunas correspondientes,  desparasitaciones,  cartilla,  garantías por escrito,  contrato de compra venta. . .  El microchip se injerta delante del cliente en el momento de la compra.  Los precios son desde más IVA,  varían según características de cada cachorro y camada,  color,  sexo,  edad,  tamaño. . . etc.  Se hacen envíos con MRW a toda la península,  Mallorca y Menorca incluyendo transportin de regalo.  Ven a conocernos y llévate a tu pequeñ@! Mucha seriedad,  enviamos fotos y vídeos por WhatsApp. ",MARAVILLOSOS SHAR PEI SUPER ARRUGADOS
